"Title","Author_URL","Author_Name","App_Version","Rating","Review","Date"
"Zero should be Grey, not Red.","https://itunes.apple.com/sg/reviews/id119192521","pikachu's friend","7.1.5","3","I quite enjoy using SC mobile app but I am sure there are many ways to improve further. One suggestion: the color of the figures should be grey instead of red when the figure is zero. Because red signify there is outstanding but when it is zero, why is it red?? Just a humble suggestion.",2018-10-24 00:49:56
"Card details should be made more accessible!","https://itunes.apple.com/sg/reviews/id123450042","msTough","7.1.5","1","Can we just agree that the card detail that requires so many clicks to access just simply does not make any sense???

It has all the important info we need to check from time to time, such as, 1.Available limit, 2. Payment due date etc. Do we really need to click into the transaction history of the card before we can check all the info regarding the card details? Can we not make the button accessible right beside the card after login?",2018-10-20 06:28:53
"Problem after update","https://itunes.apple.com/sg/reviews/id338816458","NLS3333","7.1.5","1","Don‚Äôt receive the ‚Äúapprove‚Äù after updated to the latest version, was not able to retrieve e-statement for payment!",2018-10-18 14:47:04
"Why forcing to update?","https://itunes.apple.com/sg/reviews/id85706585","From Vietnam","7.1.5","1","Opened the app just to get the PIN and forced to update the app. Did not have internet connection so could not do anything.",2018-10-16 07:24:52
"Difficult to use OTP","https://itunes.apple.com/sg/reviews/id141715984","ajraldev","7.1.5","1","A bank with good service but need to upgrade the app, especially for iPhone. I can‚Äôt see the OTP after login as the message is long and does not fully display to take note of the number. So when I try to copy the OTP number from the message and then try to paste it, the app gets reset and need to log in again!",2018-10-16 03:37:10
"Totally awful","https://itunes.apple.com/sg/reviews/id127764294","scscscscscscscscscscscscsc","7.1.5","1","Someone must experience other banks or retailers‚Äô app experience. Worst!!! E.g., App update should not be a default step to sign off online bank in computer. Such a simple thing makes a big difference in user experience!",2018-10-15 18:12:20
"Face recognition","https://itunes.apple.com/sg/reviews/id141832256","AnDongNi1963","7.1.5","2","Still no face recognition except Touch ID. I cannot even disable Touch ID now.",2018-10-15 13:08:48
"It is a dud","https://itunes.apple.com/sg/reviews/id920448713","dontwanttopublish","7.1.5","1","I don‚Äôt want to use worst to describe this app. It is a dud absolutely. Without any consideration of what users will suffer from it. Today again, you need a code to deal with but the app not allow you to approve. The only reason is force you to upgrade silly functions I am not interested at all. Why you release a half cooked dud and forbid to use the tokens at the very begging and after this can work finally. You made another bug to disturb your customers.",2018-10-15 04:52:49
"Bug in latest version","https://itunes.apple.com/sg/reviews/id158727162","Juser3","7.1.4","1","Updated to latest version but cannot login, keep asking me to upgrade to the latest version but it is already the latest version",2018-10-15 04:02:51
"Forced to update app","https://itunes.apple.com/sg/reviews/id42685002","jjlinonitunes","7.1.5","1","I‚Äôm just trying to log in but now I‚Äôve to update my app before I can do anything.",2018-10-15 03:33:37
"Cannot open the app","https://itunes.apple.com/sg/reviews/id102102867","jaclinechua","7.1.4","1","When I tried to launch the app, it keep on showing me ‚Äúupgrade now‚Äù and when I click that button to the App Store, it shows ‚Äúopen‚Äù which means the app already upgraded. So it is a vicious cycle that I can NEVER open the app! Help !!!",2018-10-15 02:01:07
"Showing update option","https://itunes.apple.com/sg/reviews/id180280367","San2913","7.1.4","1","Even though I have updated the app but still seeing update option on login screen.
This is so annoying.... force update and then this option doesn‚Äôt disappear even the app the updated",2018-10-14 12:18:09
"Let me use the app","https://itunes.apple.com/sg/reviews/id458715192","Zihui4937294","7.1.4","1","If there's no update on the App Store, stop directing me to the App Store",2018-10-14 05:24:08
"Please don‚Äôt force to update app","https://itunes.apple.com/sg/reviews/id87284764","ios user since 2008","7.1.5","4","Please don‚Äôt force to update app. The update haven‚Äôt shown up and the app was unusable",2018-10-14 03:29:49
"Updating the app blocks it","https://itunes.apple.com/sg/reviews/id185957738","ksellesl","7.1.4","1","SCB prompts me to update the app, in AppStore it‚Äôs update but when opening the app it still shows the prompt, so I cannot use the app",2018-10-14 02:15:53
"Face ID is not working at all","https://itunes.apple.com/sg/reviews/id104246631","eViLz.Inc","7.1.5","1","When I was using Touch ID on the older iPhones, it works flawlessly. Now I switch to the new no button iPhone, using Face ID even though I got a tick meaning face is verified, before the tick comes out, it says verification failed or something similar. Always have to key in username and password to Mobile banking. Very irritating and frustrating. Other banking apps are already compatible with Face ID so what is standard chartered doing?",2018-10-11 23:39:40
"Face ID","https://itunes.apple.com/sg/reviews/id144361822","Wendyngsh","7.1.5","1","Pls update your app to allow Face ID",2018-10-11 16:36:40
"Pretty starting screen","https://itunes.apple.com/sg/reviews/id917878157","auhnu","7.1.4","1","The opening screen is pretty, but that as far as I manage to get on the app as it always hangs there",2018-10-10 04:41:05
"A big fat joke","https://itunes.apple.com/sg/reviews/id190949195","Panda panda 3","7.1.4","1","App is not working at all. I cannot do any banking transaction (without logging into the mobile app), which is not working! The app just launch and hangs. No error message, no prompts, no nothing! Can the development team actually do some testing before pushing out the updates!",2018-10-09 06:40:30
"Sae your time, choose another bank","https://itunes.apple.com/sg/reviews/id176375430","right2e","7.1.4","1","OTP sms comes 2 hours late.

bank doesn't keep promises about the application promotions.

Too many complications, stay away!",2018-10-01 12:43:59
"Cannot login at all","https://itunes.apple.com/sg/reviews/id443697544","Stanleysee88","7.1.4","1","Prompt error while login, re-install also no help. I can‚Äôt register mobile key for bank transaction!!!
Error message as below
JavaScript error - TypeError - null is not an object (evaluating ‚Äòt.isOffline‚Äô)",2018-10-01 03:46:08
"App not updated","https://itunes.apple.com/sg/reviews/id41982546","kennethwong79","7.1.4","1","I am using iPhone Xs Max and the app is still asking me for touch ID verification. When I press the button it does the face ID scan then says failure. Please update.",2018-09-30 17:16:15
"Doesn‚Äôt work mate","https://itunes.apple.com/sg/reviews/id475791638","HL Lee23","7.1.4","1","The app doesn‚Äôt work.",2018-09-30 06:05:50
"Not supporting Face ID","https://itunes.apple.com/sg/reviews/id157322415","brynchng","7.1.4","3","The app is not supporting Face ID as login method.",2018-09-30 02:31:19
"Transaction showing unsuccessful, but deduct the amount from my account","https://itunes.apple.com/sg/reviews/id496719355","Vincentcho87","7.1.3","1","I used their mobile apps to do an online transaction to a merchant, the apps showed me transaction unsuccessful but I receive a message show that amount have been deducted from my account. Then I call in to customer service, and they said they can‚Äôt do anything to solve the issue. What kind of service and what kind of lousy Apps SC has developed.",2018-09-27 01:48:13
"Doesn‚Äôt work!","https://itunes.apple.com/sg/reviews/id171270755","Zenadora","7.1.3","1","App keeps prompting JavaScript error when trying to login.",2018-09-26 08:24:05
"Accounts on the mobile app do not tally","https://itunes.apple.com/sg/reviews/id480121043","hermajordoctor","7.1.2","1","The app doesn‚Äôt reflect actual statement balances, it shows up right in the online banking or from purchasing power in the trading app, but not in the mobile app.

Makes you wonder about the quality, consistency and stability of their whole banking platform...",2018-09-24 16:46:21
"No support for Face ID","https://itunes.apple.com/sg/reviews/id114708919","Alex WongÈòøÂäõÂ£´","7.1.2","1","Possible to add in Face ID support for this apps?",2018-09-23 23:19:58
"iPhone XS MAX","https://itunes.apple.com/sg/reviews/id395850609","gouw_b","7.1.2","5","The app shows Touch ID instead of Face ID. Uninstalled and reinstalled a few times, never solve the issue. Please kindly update",2018-09-22 08:23:45
"Good app","https://itunes.apple.com/sg/reviews/id872793206","dameww","7.1.2","5","Simple and easy to use. SC MOBILE KEY is very convenient.",2018-09-18 17:00:14
"Keeps crashing every time I click login.","https://itunes.apple.com/sg/reviews/id160236481","taoyogi","7.1.2","2","Keeps crashing every time I click login. Could not evaluate JavaScript error - what a waste of time.",2018-09-10 12:34:39
"Cannot register for internet banking token at all!","https://itunes.apple.com/sg/reviews/id136246214","Tap burn","7.1.2","1","Cannot register for mobile banking at all!
Why link the internet token to an app.
Can‚Äôt even register for it through this app.
Can‚Äôt transfer money.",2018-09-06 12:39:19
"Apps not robust","https://itunes.apple.com/sg/reviews/id264125040","wayan 23","7.1.1","1","When one tried to enable the sent notification, it spin forever & cannot get out from the apps. If that is the case how can one be sure that system is secured & robust since it freeze & one cannot logon.",2018-09-04 17:23:14
"7.1.1 blocks jailbreaks.","https://itunes.apple.com/sg/reviews/id136860799","Uberex","7.1.0","2","FYI jail breakers.",2018-09-02 04:33:55
"Suggestions","https://itunes.apple.com/sg/reviews/id100866097","Sallywhy","7.1.1","3","Was automatically converted to receiving electronic statements instead of my usual paper statements for a few months now.

1) had a hard time submitting claims to my company for specific monthly spendings. Reason being my name did not appear together with the transaction(s). Tried both app and web version of statements but both versions did not list my name together with the transaction. Will be unable to submit my claims without this. Please change this and fast. Else i‚Äôd be forced to use the service of other banks instead.

2) Had a really difficult time searching through the app just to view my monthly statements. Suggest to make this easier if you want us users to stick with using electronic statements.

3) 60 days worth of transaction history is totally insufficient. Hope it will get increased to 12 months, or the bare minimum of 6 months.

4) option to receive paper or electronic monthly statements.
This option was not included in your app. Hope it will get included in your new version.

Thanks.",2018-08-31 08:55:23
"I cannot log in!","https://itunes.apple.com/sg/reviews/id307267698","Danoobsama","7.1.1","1","I cannot recall this bug existed but it has been quite some time since I was able to login to the app and view my finances or make any transactions (through the app). This is very inconvenient especially pple on the move and all the more unstable when you factor in the app‚Äôs role in authenticating the login from the web.
Able to expedite this fix? Anyone facing a similar problem, those using iPhone 10 with the latest OS?",2018-08-29 06:25:38
"Please update the app with Face ID function ASAP","https://itunes.apple.com/sg/reviews/id212655235","Alice_MLL","7.1.1","2","Ever since I changed my phone to iPhone X I have to literally key in my account ID and password every time I login! This is so annoying!!!!

Please update the app with Face ID ASAP!!!",2018-08-29 05:00:00
"is this a glitch?","https://itunes.apple.com/sg/reviews/id175877265","Fangism","7.1.1","2","I have been trying to log into the app with my user id but it says device registered under another user. But i can log in through Safari. Why?",2018-08-27 15:57:50
"Frustrating app","https://itunes.apple.com/sg/reviews/id128846906","F3ustrated","7.1.1","1","Doesnt work even after calling and reloading twice. 
Since this is the only mobile authenticating key, 
No way to do online banking so expect fines for overdue payments since I can‚Äôt access my cash. 
Wasted 1 hour already trying to log in. 
Reloaded app showed the ‚Äòapprove‚Äô notification, but after clicking it - the online banking doesn‚Äôt register it and its back to square one. 

Even posting this is a problem. All unhappy words for nicknames have been taken.",2018-08-25 04:05:55
"Crashing for the new update","https://itunes.apple.com/sg/reviews/id132275115","Xiao dou dou","7.1.1","1","The latest update keep crashing on my iPhone.",2018-08-20 09:06:29
"Best ever Banking app to use without holding any token , card or sms verification","https://itunes.apple.com/sg/reviews/id599787514","Shweo82","7.1.1","5","One of the best banking app 
Never fail me except maintenance time 
User friendly 
First ever all cards to pay which is one of the reason I chose to use years back 
Impressive layout and feature 
Upgrading to be better",2018-08-14 14:10:51
"SC new app","https://itunes.apple.com/sg/reviews/id664676106","masethung","7.1.1","5","Easy to access.. better than older version... able to view transactions immediately...transaction data  update really awesome...",2018-08-14 05:50:00
"Super Excellent App :)","https://itunes.apple.com/sg/reviews/id870015467","IpogDreams","7.1.1","5","I love the new app. Excellent user experience and beautiful UI, easy to use. Cool Pre-Login, Soft token, Touch ID features are mind blowing.. Kudos to the dean who developed this app. Great work guys!",2018-08-14 04:54:13
"Upgrading & Upgrading & Upgrading...still the same","https://itunes.apple.com/sg/reviews/id424337526","D8023","7.1.1","1","Always upgrading in the middle of the day where people need to use the app. If it is so essential to do upgrading work consider doing it later of the night. Encounter the upgrading numerous times in the middle of the day. Eventually after upgrading still the same. Is security even better?",2018-08-14 04:05:52
"Crash and crash and crash","https://itunes.apple.com/sg/reviews/id149872794","Sgboy82","7.1.1","1","Terrible.",2018-08-14 01:45:41
"Good app with great visuals","https://itunes.apple.com/sg/reviews/id872793431","0692ty","7.1.1","5","SC mobile key provided great convenience in all my banking transactions",2018-08-12 15:40:41
"Positive Experience","https://itunes.apple.com/sg/reviews/id655202539","EChongy","7.1.0","5","Positive experience with the mobile app. User friendly app that helped me in getting all my banking errands done. No longer need to visit the branch. Doesn‚Äôt require me to keep a token as they have finger print authentication.",2018-08-12 13:55:22
"Terrible user experience","https://itunes.apple.com/sg/reviews/id178747859","sputnikstar","7.1.0","1","I am disappointed with this app. It‚Äôs hard trying to log in on my iPad....had the app open on my registered device (mobile) to approve the login request via my ipad, and no approval request came through on my mobile despite resending the approval notification several times. The previous app was far better in terms of user experience.",2018-08-12 10:15:38
"Awesome App","https://itunes.apple.com/sg/reviews/id441593730","Antony Selva","7.1.0","5","SC Mobile has been greatly improved with new interface. SC Mobile Key has made login a Breeze by removing manual otp.",2018-08-12 08:12:53
"Buggy PayNow keep asking for SC Mobile Key","https://itunes.apple.com/sg/reviews/id169228611","Joejoh","7.1.0","2","Please fix this sub-application as I cannot use PayNow service now. Despite receiving SMS OTP, the app ended up with a blank screen and no response. How to use PayNow service like that?",2018-08-08 09:02:01
"App hangs regularly","https://itunes.apple.com/sg/reviews/id587734991","sgngek","7.1.0","2","The app hangs regularly. Need to delete n download again n redo the settings.",2018-08-05 01:52:16
"Worst ever","https://itunes.apple.com/sg/reviews/id204738500","‰∏ÄÂÖãÂíñÂï°Ë±Ü","7.1.0","1","Unable to view details on the app after log in! Have to open browser to view details! Please rectify",2018-08-02 10:08:42
"Break right after for update.","https://itunes.apple.com/sg/reviews/id123975116","Victorco1","7.1.0","1","Ya right. Moving to virtual token to save money for your SMSes but your virtual token doesn't even work. What the point. I rather stick with physical token then. 

To add, The screen moves so? Does it give any advantage?",2018-08-01 04:10:29
"VinayDixit","https://itunes.apple.com/sg/reviews/id483340394","vinaydixit","7.1.0","5","This is an excellent banking application I have ever used.",2018-07-31 13:37:53
"Completely unusable after update","https://itunes.apple.com/sg/reviews/id214498964","V9911","7.1.0","1","After the update, can't perform key functions like transfer between own accounts, see own payment and transaction history. When transferring between own account, even though all fields are filled, the ""Next"" button is still disabled with no hints indicating what I did wrong. A complete empty payment and transaction history when obviously there are. I would prefer there be no updates then to see core functions breaking like this.",2018-07-31 06:48:50
"One of best Mobile Banking Apps out there","https://itunes.apple.com/sg/reviews/id143494808","Sudhir India Panda","7.1.0","5","I have a lot of bank accounts across multiple countries and this is one of the most intuitive apps out there with gorgeous album art and simplistic functions interface.",2018-07-30 05:08:52
"Best banking app ever!","https://itunes.apple.com/sg/reviews/id106032923","CLEK446","7.1.0","5","Banking is less boring now with SC Mobile. I especially like the personalization functionality within the app.",2018-07-30 04:26:37
"Feature","https://itunes.apple.com/sg/reviews/id247821139","Arun305","7.1.0","5","Need capability to modify scheduled payments",2018-07-27 06:02:42
"Very good banking app","https://itunes.apple.com/sg/reviews/id8385246","dazsnow","7.1.0","4","The UI is much better than it used to be and authentication is much easier than in most other banking apps. Quick access to balances and transaction history is super handy, as well as the push notifications. You can do everything you might need to straight from the app - make payments, block and replace your cards, instantly reset your PIN, etc. 

After logging in the menu structure is strange though - no section for cards... ?? 2 separate sections for payments and transfers is very confusing as a customer - which means most of those great features are buried and hard to find. The payment flow is clunky, and everything is slow to load.",2018-07-27 05:13:45
"Great App","https://itunes.apple.com/sg/reviews/id162658746","Nit@b","7.1.0","5","Great App and amazing experience.
Loved the new personalised version with good graphics , personalised and changes with time of day ..",2018-07-27 04:52:40
"Good improvement","https://itunes.apple.com/sg/reviews/id871217551","singaporean12345","7.1.0","5","The recent change to the app is a good innovation and allows me to add layers without the token. Good job!",2018-07-27 04:40:57
"Excellent App","https://itunes.apple.com/sg/reviews/id163341142","Swami1975","7.1.0","5","Easy navigation, better control and better experience... 

I can't ask for more.",2018-07-27 04:39:39
"Great Application","https://itunes.apple.com/sg/reviews/id507094531","Arkozhiyalam1","7.1.0","5","Great mobile banking application, innovative features",2018-07-27 04:35:59
"Very intuitive and good","https://itunes.apple.com/sg/reviews/id195323771","sgroni1984","7.1.0","5","Great app!",2018-07-27 04:27:06
"Intuitive and easy to use","https://itunes.apple.com/sg/reviews/id124638039","hellotherestranger1234","7.1.0","5","Happy to find that I can set up account transfer payee directly on the mobile app and make instant transfer. Would be nice if I can change transfer limit directly on mobile too though, as I had to go to web version to change that now.",2018-07-27 04:15:49
"Brilliant User Experience","https://itunes.apple.com/sg/reviews/id871206136","Baymax08","7.1.0","5","Fantastic app, works like charm with great user experience.",2018-07-27 04:14:20
"Really bad user experience","https://itunes.apple.com/sg/reviews/id536379213","Daisy K R","7.1.0","1","The app gets stuck at the splash screen forever  with the slow moving video. This is the Worst version ever or any banking app that I've used so far.",2018-07-27 04:13:40
"The worst banking app ever","https://itunes.apple.com/sg/reviews/id666154752","ATeo60","7.1.0","1","This is the worst banking app & website I‚Äôve ever experienced. When I registered, the information of my accounts reflected on the bank app was incomplete. I msg my RM to check & he said he could see it on his system but not reflected in my online account. Then miraculously it appear after a few days. Today I set up a new payee in my account. For 10mins I tried to transfer to new payee via Fast & it prompted that I have no such payee. I was forced to transfer via standard transfer (as that‚Äôs where the payee is reflected) which will take 2-3 days for payee to receive. Then after the standard transfer was made, I went into Fast transfer and there it was, the account is shown. I‚Äôve never had such a Long lapse of time between creating a new payee and it showing up much later with any other banks. Who in the world wants to make Standard transfer nowadays? Why do they even have this option? Ridiculous!",2018-07-26 14:43:28
"SC Mobile key page does not load","https://itunes.apple.com/sg/reviews/id212536805","Yayaya12312","7.1.0","1","SC Mobile key page does not load. None of services work as I am unable to enter the key.",2018-07-25 14:05:33
"Key Verification page blank","https://itunes.apple.com/sg/reviews/id181446196","Enjle","7.1.0","1","After upgrading, now I can't do any transaction thru mobile app
Login is successful, can see home page
But when I want to see details or make transactions, normally there is Key Verification page which I can enter the passcode set before

But now this page showing  white blank screen, please help to solve the issue

It's so troublesome that I only can do using web login, thank you",2018-07-24 06:17:49
"Rubbish","https://itunes.apple.com/sg/reviews/id234082348","another staff member","7.0.8","1","Utter rubbish application. You need to generate a password on the mobile app in order to view online statements, but the mobile app keeps either timing out or not processing a password.

Downloaded the mobile app several times to no avail. And to imagine the people who developed this app were probably rewarded richly.",2018-07-24 03:29:19
"Excellent UI , quick to access features!","https://itunes.apple.com/sg/reviews/id311503469","Digi Lol","7.0.8","5","Well done ! The app looks pretty cool and feature rich. One touch access to balances and transactions is convenient and gives choice for customisation. The new notification hub and inbox is perfect as I don‚Äôt really have to scramble through my sms messages for tracing any notifications.

The soft token works pretty smooth and makes login and 2fa a jiffy and add to it the offline pin is only making it better.

All in all the app is a great step ahead and looking for more !!",2018-07-18 05:28:11
"Very slow like hell","https://itunes.apple.com/sg/reviews/id652721905","gfludo","7.0.8","2","The app is very slow please do something for this.

Please checkout citi bank app and learn something from it.",2018-07-18 03:11:37
"App cannot register","https://itunes.apple.com/sg/reviews/id140743319","Keegan Soh","7.0.8","1","It keep saying resgister but it never get completed. And after which, app will crash and i cannot log in",2018-07-17 13:51:38
"Technical issue..","https://itunes.apple.com/sg/reviews/id638471737","FCWS JP","7.0.8","1","Hope somebody can look into it... today my i phone 8 plus software upgrade to iOS 11.4.1..
Totally the Sc mobile apps cannot be open... there is an error message..",2018-07-14 10:41:39
"Keep having server security issue after updating iOS","https://itunes.apple.com/sg/reviews/id510613910","yijian90","7.0.8","1","Unable to login after updating iOS 11.4.1",2018-07-13 16:13:32
"Suddenly not able to login","https://itunes.apple.com/sg/reviews/id106057702","kyroschen","7.0.8","1","Keeps getting an error at the start screen - a secure connection cannot be established - and the app quits. Tried logging in from a browser but it requires authentication from the app.. which quits.. physical tokens are a thing of the past my foot.. perhaps a relationship with this bank should be what‚Äôs past..",2018-07-13 14:49:37
"App can‚Äôt be used after Latest update","https://itunes.apple.com/sg/reviews/id148391018","Prudi16","7.0.8","1","I can‚Äôt use the app at all... it just closes on its own after 1 second.",2018-07-13 14:13:26
"Clearly disappointing","https://itunes.apple.com/sg/reviews/id180260812","hittest","7.0.8","1","What a disappointment. Expect much better digital capability from StanChart. The app is not even working properly. The design is terrible. Make people wonder how can anyone design such poor quality banking app. I think the bank need to rethink and beef up its mobile banking",2018-07-13 00:22:37
"Couldn‚Äôt even log in for internet banking!","https://itunes.apple.com/sg/reviews/id48820368","KenjiTakeshiro","7.0.8","1","This app is full of bug. I am already registered for mobile banking and has an account but I just could not log in. I have internet connection and yet app kept showing error messages of me not connected to the internet and hence unable to log in. Load of rubbish. Get your team right. Banking services cannot be so unstable.",2018-07-07 05:34:29
"Can not login","https://itunes.apple.com/sg/reviews/id102943379","YuiMegumi","7.0.8","1","Anyone have similar problem not able to log in...",2018-07-05 06:23:32
"Anybody able to Login?","https://itunes.apple.com/sg/reviews/id244950404","Prakash-sg","7.0.8","1","Trying to Login for past 15-20mins. After a while getting no internet connection error message!! Other Apps are working fine!",2018-07-03 13:48:27
"Cry me a river","https://itunes.apple.com/sg/reviews/id221467371","Ohhreatnana","7.0.8","1","Was excited that your app finally got a cool interface but seriously, logging in was a total b***h. How come so laggy one.",2018-07-03 12:36:33
"Try harder","https://itunes.apple.com/sg/reviews/id301214605","Cc Scb User","7.0.8","1","You know, some people actually travel and they want to take their SCB credit cards with them with the hope that they can use it while they are overseas. But this app kills all hope because the bloody links in the app just don‚Äôt work no matter how hard you press on them. Even if you press your screen in, you‚Äôre out of luck! Fix it for God‚Äôs sake!!!!",2018-07-02 16:19:12
"Troublesome","https://itunes.apple.com/sg/reviews/id465711051","jendimariaprincessa11","7.0.8","1","The old version of this app is better and easy to use I don‚Äôt even have a problem with it. With this app. I can‚Äôt pay my bill because it kept on asking to register and authenticate or whatever. And it‚Äôs really time consuming. Pls do something about this. Thanks",2018-06-30 14:54:03
"Worst app","https://itunes.apple.com/sg/reviews/id391109223","Ki vagyok akadva","7.0.8","1","Never works",2018-06-27 16:16:44
"Completely Unusable!!","https://itunes.apple.com/sg/reviews/id121124316","Ktboy","7.0.8","1","The old SCB app was easy and smooth. Now, the new version is not even usable. I tried to re-download many times and subsequent to registering the PIN, the screen would just freeze, before crashing seconds later. As I tried to re-open the app, it would just crash again and no way to even enter the app unless I reinstall.

What good is a mobile banking app when you can‚Äôt even open it?! Fix this!!!",2018-06-27 14:35:28
"Buggy","https://itunes.apple.com/sg/reviews/id402355024","girlfromsingapore","7.0.8","1","Used to be good but new version keeps crashing so I can only use my internet banking on my laptop!",2018-06-27 04:24:27
"Font size","https://itunes.apple.com/sg/reviews/id104273143","teohky","7.0.8","1","Don‚Äôt like the latest version. It look nice and fancy but LACK practicality.

Font size too small. Try transfer money.... so difficult to click and get the right one because font size so small

Why update a well design apps to such a crappy new update? It ain broken don‚Äôt change it!",2018-06-25 06:32:42
"Crashes on startup","https://itunes.apple.com/sg/reviews/id216494090","Lily90222","7.0.8","1","SC MUST BE KIDDING! Did you ever test your app before publishing??",2018-06-23 14:51:52
"Auto shutdown","https://itunes.apple.com/sg/reviews/id397223450","Babyvenus21","7.0.8","1","Couldn‚Äôt open the app after the latest update. It will shutdown whenever I open it.",2018-06-21 14:36:43
"Terrible mobile app","https://itunes.apple.com/sg/reviews/id172524930","anonyomous8","7.0.8","1","There seems to be many bugs on this mobile app. Initially they force you to register for a mobile token but after several times of uninstalling and reinstalling of the mobile app, it still doesn‚Äôt work. Subsequently, there is a bug in that the OTP cannot be sent to the registered mobile number. Sad to say, I think the bank probably need a better system in place to avoid such problems which cause much inconvenience to their clients.",2018-06-21 03:14:59
"App still crashes after update","https://itunes.apple.com/sg/reviews/id179910579","Christophernest","7.0.8","1","That‚Äôs it. I‚Äôm deleting the app. Totally unusable. Every time I start up the app it crashes within 3-4 seconds. Maybe SC should spend some money at better developers.",2018-06-20 17:07:37
"App un-useable after update 1st Jun","https://itunes.apple.com/sg/reviews/id200675120","aezjnn","7.0.8","3","The two updates on 1st and 4 Jun rendered the app useable as there was no way to log in ... just seeing the videos and SCB logo. Wonder if developer tested app with required IOS version before release? 

Lastest update V7.08 resolved the issue ... finally. Good to see useful features which user can turn on/off .. would be nice to be able adjust font size and have faster loading and log in.",2018-06-15 05:30:33
"Cannot work!","https://itunes.apple.com/sg/reviews/id154059031","Heng1970","7.0.7","1","Lousy. After updated this latest version, I totally cannot use it! It kick me out after I open this app. I am so frustrated !",2018-06-14 16:45:55
"Stuck at login page","https://itunes.apple.com/sg/reviews/id151039246","DoomSkunk","7.0.7","2","Stuck at log in page. Cant even log in. App version, iphone version all up to date. Date and time on phone is auto synced, update as well.

Happened immediately after 4th june update",2018-06-12 05:34:13
"Force close","https://itunes.apple.com/sg/reviews/id371322073","Cheerful user","7.0.7","1","Basically useless",2018-06-11 17:01:29
"Faster and Easier","https://itunes.apple.com/sg/reviews/id155495056","Sapna T","7.0.7","5","Just paid my credit card bill with a few clicks - that‚Äôs so easy as opposed to logging onto the website - great convinience.",2018-06-11 09:51:43
"Lousy.","https://itunes.apple.com/sg/reviews/id173781482","yyyyy ?????","7.0.7","1","Wanted to activate my credit card for oversea usage. Inside the app under Services xxx, the link is not clickable. I called up phone banking, heard the message saying use mobile app to activate oversea usage?! Being directed here and there, cannot link me to credit card service and end up cannot activate my card. Fine, I use other card then. Citibank app just simple click to activate oversea usage. What is this app doing????",2018-06-10 22:57:34
"SCB app clashes","https://itunes.apple.com/sg/reviews/id585758208","SG SCB customer","7.0.7","1","Please update the SCB app (SG) to be compatible to iOS 11.4. The app can‚Äôt even start and keep clashing after the update of iOS 11.4. Kindly look into this matter. Thanks.",2018-06-10 14:20:17
"Latest version cannot even load","https://itunes.apple.com/sg/reviews/id272385280","ngoquoc0101","7.0.7","2","I just upgraded to the latest version and now it can't even load. So I can't approve internet login any more.",2018-06-06 14:41:40
"Innovative and user friendly app!!","https://itunes.apple.com/sg/reviews/id131451440","Sunshiny_day","7.0.7","5","Love this upgraded App!!",2018-06-06 06:29:09
"why lagged after update?","https://itunes.apple.com/sg/reviews/id222304283","Call me El ni√±o","7.0.7","1","whats the point of updating when cant even logged in after updating,  this has caused do much inconvenience,  pls retify this problem ASAP! for now just give up!",2018-06-06 02:17:11
"Terrible","https://itunes.apple.com/sg/reviews/id289702887","Emmatwq","7.0.7","1","The app doesn't even load??",2018-06-05 16:07:30
"Stupid don't work in iOS9","https://itunes.apple.com/sg/reviews/id253985582","Be_ashketchup","7.0.5","1","How does it even pass into production without testing in ios9. Apple haven't banned ios9 yet, so you need to make changes and updates accordingly. Even iOS 8 is alive, I am stuck at launch video screen forever, it didn't even show me login screen. Resolve the issue as I am unable to use this app from last update. It was working when this first user interface came but not anymore. Because of this stupid, I can't even use website to make any transaction seems, they depend on each other which looks dependency. I need solution so I can turn off this feature.",2018-06-05 07:59:32
"Crash","https://itunes.apple.com/sg/reviews/id43110738","Seanzzt","7.0.5","1","The app keeps crashing when I try to open it",2018-06-04 06:07:05
"Worst enhancement","https://itunes.apple.com/sg/reviews/id818386418","Maomiji","7.0.5","1","Can't goto login interface after update new version, even can't check acc details via online banking because this stupid device token, no access to the interface then how to generate offline otp???",2018-06-04 00:31:12
"Not working after update","https://itunes.apple.com/sg/reviews/id139287023","Dr Dri","7.0.5","1","Not working after update. Uninstall, install back. Reboot still not working. Lousy",2018-06-03 15:06:20
"Latest app ver needs to be replaced","https://itunes.apple.com/sg/reviews/id214692925","Velcronara","7.0.5","1","The process of registering mobile phone number to replace token can never be completed after many tries

The main app UI is awkward. Once you click on the burger menu on top left to access other services, there‚Äôs a pop up asking if you‚Äôd like to access web pages and exit. And the options display looks very unprofessional , as if the work is still incomplete",2018-06-02 09:31:14
"No login UI","https://itunes.apple.com/sg/reviews/id193593794","SuperOld Customer","7.0.5","1","After latest update, the app totally cannot login with no login input on my iPhone 6+!!!",2018-06-02 09:17:22
"Exit immediately after I open the app","https://itunes.apple.com/sg/reviews/id817230235","Roger Sheng","7.0.5","1","Exit immediately after I open the app.",2018-06-02 09:02:34
"Can‚Äôt launch","https://itunes.apple.com/sg/reviews/id134240126","Tammie1280","7.0.5","1","App prompt me to register for mobile token. It hanged halfway while I was doing it. After that, I couldn‚Äôt even launch app for a couple fo days. Going to re download and see what happens.",2018-06-02 08:05:23
"Lousy app","https://itunes.apple.com/sg/reviews/id132145438","bebebaba","7.0.4","1","App keep closing by itself after recent update. Can u pls do something about it? It was working perfectly fine before the recent upgrade.",2018-06-02 07:26:48
"Can‚Äôt load after update...","https://itunes.apple.com/sg/reviews/id152950635","Dummmer","7.0.4","1","Unable to load the app after latest update... why??",2018-06-01 03:41:55
"Worst banking app and customer experience ever!!","https://itunes.apple.com/sg/reviews/id158120309","Jjd1231","7.0.4","1","Just opened my account when Bank transitioned to new ‚Äòsc mobile key‚Äô to replace security tokens. You need to click approve in the app to add new payees and other functions. It‚Äôs for extra security and the bank saves money by eliminating tokens.

This has been dysfunctional with error messages popping up in the app. ‚ÄòKnown issue‚Äô customer service said and its been ‚Äòescalated‚Äô. It‚Äôs been 3 days!! Second time it‚Äôs happened with the second payee I‚Äôve added in over a month. 

I can‚Äôt move money out of my own account!
I had an urgent payment missed and I suffer the consequences. It‚Äôs my worst customer experience ever!",2018-06-01 03:17:13
"Stupid update!!","https://itunes.apple.com/sg/reviews/id140228299","Bong06","7.0.4","1","Updated the apps and it cannot even load!! And I can't even login using browser as request to generate offline pin via mobile app!!! STUPID!!!! Test before roll out!",2018-05-31 19:11:29
"App keeps crashing!","https://itunes.apple.com/sg/reviews/id183238319","Holsed","7.0.4","1","Forced me to upgrade the app and it crashed every single time I opened it! And I can‚Äôt do any emergency transfers! Please fix it!",2018-05-31 11:48:31
"Keep crashing","https://itunes.apple.com/sg/reviews/id281637395","yhjhoo","7.0.4","1","Always needed upgrade before using, and always crashing",2018-05-31 03:29:20
"App crashed after recent update","https://itunes.apple.com/sg/reviews/id49978021","Mayoigo","7.0.4","1","App crashed every time i tried to open it on iPhone X after the recent interface update for the past weeks. Been waiting for the patch but it didn't happen. Can SC look into it urgently? I am not able to do any transactions on my mobile at all.",2018-05-31 01:08:32
"Update but can‚Äôt launch","https://itunes.apple.com/sg/reviews/id294731796","Desmondhengnineteen88","7.0.4","1","Doesn‚Äôt bode well for confidence when the app keeps asking you to update and having done so still does not launch. This wasn‚Äôt in the middle of the night mind you. It was smack in the middle of a Saturday afternoon.",2018-05-30 03:59:02
"Crashing on iOS 11.4","https://itunes.apple.com/sg/reviews/id113471596","jeff_084","7.0.4","1","Totally unable to launch the app, it just keep crashing.",2018-05-30 03:07:12
"Incompatible with iOS 9.3.5","https://itunes.apple.com/sg/reviews/id251908872","Yuhui BC","7.0.4","1","Contrary to the specification about the compatibility, this app does not even start on iOS 9.3.5. Meanwhile, the video in the loading screen does nothing except use up battery power.",2018-05-30 00:25:19
"Unstable","https://itunes.apple.com/sg/reviews/id115347969","rhufn","7.0.4","1","App keeps crashing!",2018-05-29 15:57:13
"Update and account blocked/cant open","https://itunes.apple.com/sg/reviews/id100208149","Sleek181","7.0.4","1","Team working on this should be fired. I updated my account and got blocked. Spent an hour with call centre resetting my account.",2018-05-29 10:13:12
"stuck and angry","https://itunes.apple.com/sg/reviews/id287355813","jj221234567890","7.0.4","1","your app does not work and shows visual that does nothing!! very upset and angryüò°üò°üò°",2018-05-29 07:21:30
"Unable to use app","https://itunes.apple.com/sg/reviews/id589005153","disappoinyed","7.0.3","1","Kept asking me to upgrade to new version which already upgraded.. I can‚Äôt use the app at all now..",2018-05-29 04:39:29
"Don‚Äôt understand","https://itunes.apple.com/sg/reviews/id154274927","Xiuu","7.0.3","1","I updated the app but it still kept on asking me to update the app before it lets me use it. I don‚Äôt understand",2018-05-28 15:41:45
"Currency converted amount details at mobile app missing","https://itunes.apple.com/sg/reviews/id124117368","AppDyno","7.0.4","2","Hi, I used to be able to see the converted currency details in the past. The new app is not showing the details. I strongly suggest the bank to improve and make it better rather than make it worst user experience with new app version.",2018-05-28 15:28:36
"latest update keeps crashing","https://itunes.apple.com/sg/reviews/id179009244","Dp1407","7.0.4","1","i do one transaction and the app crashes... i had 7 crashes in the last 5 mins while using it... clearly not an improvement this update. 
The app itself is good. if it works;)",2018-05-28 05:56:54
"Poor interface and setup","https://itunes.apple.com/sg/reviews/id155023655","gw007sg","7.0.4","1","Frustrating layout and UI... I keep getting logged out of my banking when on the website as I have to go to my phone to get an OTP, but then face recognition on the iPhone X kicks in which logs me into the phone app and then out of the website... way behind DBS offering which is much slicker",2018-05-28 05:36:33
"App crashes","https://itunes.apple.com/sg/reviews/id270211068","mark.isaiah","7.0.4","2","After the latest update, the app crashes each time I view the Ac balances via the new shortcut on the main page.",2018-05-28 05:14:25
"Apps is dead","https://itunes.apple.com/sg/reviews/id149457618","GinLeTz","7.0.3","1","Prompt me to update. But there isn‚Äôt anything to update as I had already updated. Can‚Äôt use the app at all.",2018-05-28 02:17:51
"Finger print error","https://itunes.apple.com/sg/reviews/id131526994","ssh27","7.0.4","2","After upgrade my finger print log in not working",2018-05-27 17:05:01
"App Crashed","https://itunes.apple.com/sg/reviews/id354432827","jiesiminsi","7.0.4","1","The app has been crashing since the last update on iOS 11.3.1. Please do something about it",2018-05-27 15:05:19
"Very bad online banking experience","https://itunes.apple.com/sg/reviews/id203623734","kay lauren","7.0.4","1","I like the previous app interface, it is more user-friendly than this new update, i was proud to have an SC account before i even told my sister and friends that it is very easy to use but now aside from very hard to find atms, online banking also get very hard to use so i may switch to other banks soon",2018-05-27 13:55:08
"BAD","https://itunes.apple.com/sg/reviews/id104830854","Roxas725619925","7.0.3","1","Already upgraded and still prompt me to upgrade app -.-",2018-05-27 12:12:32
"Upgraded but not able to use the app","https://itunes.apple.com/sg/reviews/id149228423","Dennis Loi","7.0.4","1","The app has been upgraded on 27th May , go to app store and then click open app , says upgrade , then after that can‚Äôt log in again .",2018-05-27 05:55:03
"The best App ever ‚ù§Ô∏è","https://itunes.apple.com/sg/reviews/id570315575","Cynthia Beauty Lashes","7.0.4","5","Really save time for ppl who always need to do transaction online. Good Job and thanks for what you have done for us.",2018-05-27 04:57:42
"Worst move by SC to date","https://itunes.apple.com/sg/reviews/id220673865","Ravemaster16","7.0.3","1","Stupid move by SC to require installing an app to do simple tasks! Listen SC... I DO NOT WANT A BANKING APP ON MY PHONE. Just let me bank in peace without your stupid app pleaseeee. It's one thing to register a mobile number for OTP, but it's pure stupidity to require an obsolete 100MB app installed on my limited-space phone just to access my online banking page and make transactions on my desktop.",2018-05-27 04:46:15
"SC mobile key","https://itunes.apple.com/sg/reviews/id149980757","Jessicasxw","7.0.3","1","It has been fine until it calls to download the SC mobile key. It takes forever to register so I closed it. I tried to load the app then it crashes and I cannot enter. Must delete the app & download again before I can log in. Pls look into this issue & fix it ASAP.",2018-05-26 08:01:56
"Still unable to register for mobile token","https://itunes.apple.com/sg/reviews/id202164541","Shenevie","7.0.3","1","Still unable to register for mobile token! Please fix it before the due date.",2018-05-26 07:21:58
"Horrible app","https://itunes.apple.com/sg/reviews/id561270301","Aaisn123","7.0.3","1","New updates are so buggy, keyboard keeps popping up when pressing any button but you can't use it for input",2018-05-24 23:15:39
"Crash to Screen","https://itunes.apple.com/sg/reviews/id478722006","seobgbab","7.0.3","1","Badly built app. Ever since the new update it just doesn‚Äôt open up at all & crashes back to the iPhone main screen.",2018-05-24 08:37:46
"App is not working","https://itunes.apple.com/sg/reviews/id333391645","heifbckxjs","7.0.3","1","The app does not work in iOS 11.3.1",2018-05-24 01:32:01
"Please do something.","https://itunes.apple.com/sg/reviews/id107670994","Lucky_goldfish","7.0.3","1","Not stable. Always crush.",2018-05-22 06:40:59
"Wipe and view option","https://itunes.apple.com/sg/reviews/id542859600","hazecabz","7.0.3","2","It would be better if they have a ""swipe and view"" option instead of logging in just to check your balance. It is more convenient that way. Otherwise, app is okay.",2018-05-20 22:39:53
"Improvements needed","https://itunes.apple.com/sg/reviews/id209062465","Rani2007","7.0.3","2","I compare this to the DBS ibanking app which gives a better user experience. SCB, you need to step up!!

1) Pls break up the credit card transactions per billing period, so that i can tell at a glance without having to log in to the website to download my estatement! Or alternatively, allow me to view my estatements from the app!!

2) For transactions, pls indicate the foreign amount AND equivalent Sgd amount. Right now, i still have to go to sc website to download estatement and be able to see this info üôÑ

3) Speaking of website, after opening statement of one billing period, i have to log in all over again to view another month!?! At least open the statement in another tab so that i can seamlessly open another one. I use my smartphone to do all these, so pls improve the experience for mobile users!!",2018-05-19 18:50:07
"FaceID doesn't work","https://itunes.apple.com/sg/reviews/id193211071","user275184","7.0.3","1","New version doesn't handle face ID on IPHONE X. And can't paste my secure password into the box either. So I need to set a short and insecure password to use this?
And app support link doesn't connect. Total incompetence",2018-05-16 04:19:47
"App crashes all the time","https://itunes.apple.com/sg/reviews/id117991984","Vespadiver","7.0.3","1","After the upgrade to using the mobile phone as token, the app crashes every time logging in.",2018-05-14 09:18:49
"Crash","https://itunes.apple.com/sg/reviews/id145287656","William Lou","7.0.3","1","Always crash when I opened for this update!!! Please fix",2018-05-14 08:20:08
"SC Mobile Key","https://itunes.apple.com/sg/reviews/id106315956","scb-user","7.0.3","1","The app clashes each time I attempt to add the new feature. Afterwhich, the app cannot even be launched. Pls look into it. Thanks.",2018-05-11 05:14:11
"2 new update fails","https://itunes.apple.com/sg/reviews/id176045493","Hush12345679","7.0.3","1","After 2 new updates the app crashes!! I cannot load it",2018-05-10 15:50:55
"Crash","https://itunes.apple.com/sg/reviews/id149414842","shoo101","7.0.1","1","Uninstall and install again. But still crash. Please fix asap",2018-05-09 14:46:48
"Crash","https://itunes.apple.com/sg/reviews/id149318793","tt223","7.0.1","1","After registering for the new app interface, it crash. Thought it should have improved from the previous version. Please wake up. üëé",2018-05-08 13:16:37
"SC mobile Singapore","https://itunes.apple.com/sg/reviews/id162743971","support the GC","7.0.1","1","Really bad ; not even able to log in ..with OTP sent to sign in ; and after asking for pin to set up n register icon non stop",2018-05-05 08:22:34
"Very nice","https://itunes.apple.com/sg/reviews/id106825378","Kamsky of Sengkamg","7.0.1","5","And triple wow. The new features are  life saver. Tired of poking and squinting my eyes and adjusting angles just to read the digits shown in card token. Digital key is amazing.",2018-05-04 15:54:16
"App keeps crashing","https://itunes.apple.com/sg/reviews/id85337727","Blurmich","7.0.1","1","Can‚Äôt open the app, keeps crashing..",2018-05-04 15:47:34
"Worst banking app","https://itunes.apple.com/sg/reviews/id105323482","tuy21","7.0.1","1","Ridiculously annoying when the app crashes on you every time you try to run the app. This app is absolutely time wasting and doesn‚Äôt help at all!",2018-05-04 03:46:18
"Great!","https://itunes.apple.com/sg/reviews/id113000906","Cheerbabyey","7.0.1","5","A little buggy at times but the latest version  7.0 works well and has great UI",2018-05-02 00:01:49
"Keep prompting for key","https://itunes.apple.com/sg/reviews/id103981194","Jukey200909","7.0.1","1","Can‚Äôt use any of the functions now. Fix it.",2018-05-01 16:36:03
"Lousy user interface","https://itunes.apple.com/sg/reviews/id111274210","friendsbyfate","7.0.1","1","This application is so difficult to use.",2018-05-01 10:41:58
"App keeps shutting down","https://itunes.apple.com/sg/reviews/id299570387","Olliechiny","7.0.1","1","Impossible for me to start the app as it blacks out once i enter it. Please resolve this problem",2018-05-01 05:30:03
"Cant even log in","https://itunes.apple.com/sg/reviews/id125421933","callmelyn","7.0.1","1","After the recent update i cant even log in",2018-05-01 04:34:04
"Lousy new APP","https://itunes.apple.com/sg/reviews/id154900901","Duchess Ivy","7.0.1","1","Just tried to register n it just hangs there.
Now I cant go into the Banking App at all. It opens n go off. Open n go off. Very unstable.",2018-04-30 17:29:05
"Keeps Logging Out","https://itunes.apple.com/sg/reviews/id189893300","Hyped2max","7.0.1","2","I do appreciate the move towards an app-based OTP instead of the use of tokens. 
However the app does keep logging off after a couple of actions, be it approving a log-on or a new payer etc. 

After I have been away for a while it may also prompt that the device configuration has changed and require a mobile key registration again. This, while I am certain that I did not change any of the app configuration. 

Also, when authorising a new payee or transfer, I need to prompt the system via my PC browser twice before I get to the mobile key screen on my app. A minor bugbear but it should be sorted out.",2018-04-29 08:39:29
"Infinity update","https://itunes.apple.com/sg/reviews/id147308180","Asap5","6.6.21","1","The scb app is up to date in my phone. Still keep asking to update.",2018-04-27 13:00:56
"Update has made it worse","https://itunes.apple.com/sg/reviews/id423636920","Vigindian","7.0.1","1","25-Apr-2018

After the update, I'm unable to see my CC transactions anymore. Every time I click on my card, it keeps asking for my PIN and comes back to the main page. Disappointing!",2018-04-26 12:37:57
"I like the revamped version","https://itunes.apple.com/sg/reviews/id424121121","Toh Leng Wee","7.0.1","5","Well done, the revamped version is totally new from the old version. I like the interface.",2018-04-25 15:50:23
"Worst possible UI","https://itunes.apple.com/sg/reviews/id154617586","Singularity-Kerr","6.6.21","1","I will pay to meet the genius who designed the UI and give them a piece of my mind. I‚Äôm no UI designer myself but it looks downright horrible compared to any app from the competition.
We are talking about a bank which has tonnes of resources to develop a decent app; but no, they will keep those dollars for their fat bonus packages.
I might switch back to DBS just because of this horrible app of SC.",2018-04-25 03:58:53
"It just works","https://itunes.apple.com/sg/reviews/id127014227","BlackSwan_02","7.0.1","5","Not sure what all the fuss is about
The app works well 
Haven‚Äôt had any issues on my iPhone X, even previously on my iPhone 7
I would suggest all to update to the latest version and also to keep you iPhone up to date. People are complying about not being able to see the due date and no reminder. This is your responsibility. If you don‚Äôt pay your bills on time, that your fault, not the bank. Paperless, yes, save the damn earth, one little step at a time.",2018-04-24 12:53:33
"3.5 stars tbf, decent after update","https://itunes.apple.com/sg/reviews/id459412689","Chaosdingo","7.0.1","4","Oh yes finally moving on with the times. (Size 48 fonts anyone? Lol)

Pretty impressive UI although I question the need to see your records without logging in. It's a fancy feature if you have nothing much better to update already but compared to the fact that until today statements are still hidden instead of being easily accessible (maybe see how citi does it?), this should have been wayyyyyy below the to-do list.

Also the confirmation bar is the old one! Very ugly la Aiyo. Nonetheless, keep moving towards this direction and I'm sure you guys will catchup with the top dogs soon. Until then, 3.5 stars!",2018-04-24 11:47:16
"Refreshing!","https://itunes.apple.com/sg/reviews/id185187178","Yogendra Rampuria","7.0.1","4","Amazing updates! Mobile Key, Lite mode up front!",2018-04-23 13:15:09
"SC Mobile","https://itunes.apple.com/sg/reviews/id120170712","Sobakawa","7.0.1","5","Awesome app! Very intuitive! No longer do I need the Hard Token. Kudos to the team who developed this!",2018-04-23 11:54:36
"Foreign currency transactions","https://itunes.apple.com/sg/reviews/id335689605","Dreamliner 777","6.6.21","1","What‚Äôs the use of displaying just the foreign amounts and not together with the SGD equivalent in the card transactions history? 

Please fix this.",2018-04-23 08:00:17
"Very bad UI for iPhone 7 Plus","https://itunes.apple.com/sg/reviews/id661504326","kumarmugu","6.6.21","1","Very bad UI for iPhone 7 Plus",2018-04-18 04:23:33
"Poor user interface","https://itunes.apple.com/sg/reviews/id113100999","decision4","6.6.21","1","Probably the last bank to not optimize for iPhone X",2018-04-16 09:42:23
"No support for iPhone X resolution","https://itunes.apple.com/sg/reviews/id116426871","adrianteo","6.6.21","1","Quite possibly the only banking app that‚Äôs way behind the curve in incorporating support for iPhone X‚Äôs native resolution. Deplorable.",2018-04-15 15:54:04
"App login","https://itunes.apple.com/sg/reviews/id149643611","KillerjasonX","6.6.20","1","I always have this problem login, everytime I do that it‚Äôs will how no WiFi connectivity and etc which does not allows me to login app developer of SC please look into it as it‚Äôs giving not just me i suppose in using the app",2018-04-15 05:00:53
"The worst","https://itunes.apple.com/sg/reviews/id114502945","bastjanlee","6.6.20","1","Please update your UI for iPhone X",2018-03-26 17:53:12
"This app is a joke","https://itunes.apple.com/sg/reviews/id373649171","Mpnitin","6.6.20","1","Seriously ? What‚Äôs this ? It‚Äôs so choppy. Can‚Äôt you guys build a native app ?",2018-03-26 09:40:25
"UI","https://itunes.apple.com/sg/reviews/id208361130","Chee Nam","6.6.19","1","Please revised apps resolution based on iPhone 7plus. When i tap in to SC Mobile Apps, my screen goes to low resolutions, the suddenly changes make me confuse on using on apps.",2018-03-22 11:56:17
"Easiest platform to use compared to other banks","https://itunes.apple.com/sg/reviews/id199303515","Bran ong","6.6.19","5","Keep it up",2018-03-02 05:29:15
"Lazy lazy developers üò¥üò¥","https://itunes.apple.com/sg/reviews/id199746493","AndyUk8888","6.6.19","1","Fix the screen resolution on iPhones please!!!! Large font using half the screen, hello, iPhone 5 screen was many many years ago.",2018-02-04 02:54:58
"Keep loading can‚Äôt load","https://itunes.apple.com/sg/reviews/id207456579","Pdm172","6.6.18","1","Please check.",2018-02-03 23:41:00
"Please update app to improve UX!","https://itunes.apple.com/sg/reviews/id117323241","UnknownX03","6.6.18","1","Doesnt work on iphone x

Just stays on the loading screen!!",2018-01-31 13:39:26
"Resolution","https://itunes.apple.com/sg/reviews/id112977885","M1ngda","6.6.18","2","You do update to support Face ID on iPhone X, can do one step more to support the resolution as well? The UI appears so bulky and ugly now...",2018-01-25 15:21:11
"Cannot load.","https://itunes.apple.com/sg/reviews/id159218346","marxluss","6.6.18","1","It does not work.",2018-01-23 13:37:59
"Bad ... really bad ... waste my time installing","https://itunes.apple.com/sg/reviews/id183976398","dogmastervince","6.6.17","1","I read all the negative reviews, couldn‚Äôt believe it installed on iphone 6S+, was only greeted by the ‚ÄúWelcome to SC Mobile Banking formally  Breeze Mobile‚Äù ... waited for 3 min... still the same screen !!! Uninstalled within 5min after installation!!! Still have some faith, installed on iPhone 5, same fate!!! Totally disappointed with SC putting up such inferior mobile app despite the negative feedback!",2018-01-23 06:20:18
"Ridiculous compared to the competition","https://itunes.apple.com/sg/reviews/id357937977","Dca2992","6.6.17","1","I hope someone from SCB is reading this. This app was great when it was first launched, now it‚Äôs just feels slow
The transfer interface is on a separate interface now which slows down the selection of accounts and therefore the whole process of transferring funds.

In addition, after several months of the IPhone X launch, SCB is still unable to fully utilize the full screen capabilities of the iPhone X.

If every other bank in the street is able to update their app timely and to provide a seamless transfer of funds interface. Why can‚Äôt SCB??? I not asking for you to top the competition, but please, just at least follow the pack.",2018-01-15 16:00:11
"Very Disappointing","https://itunes.apple.com/sg/reviews/id149510219","sudheer118","6.6.17","1","Poor UI Quality
still waiting for iPhone X resolution support.",2018-01-07 09:14:15
"Waste time apps","https://itunes.apple.com/sg/reviews/id123989400","Erikahra","6.6.16","1","- can‚Äôt check history.
- transaction not accurate at all.
- fail user interface.
Basically an app that doesn‚Äôt work. 
Those who give 5 starts review Most likely is developer team themself...",2018-01-07 02:24:40
"iPhone X","https://itunes.apple.com/sg/reviews/id678075335","Emata+++","6.6.15","1","Doesn‚Äôt work on iPhone X",2017-12-21 12:51:36
"Bad UI","https://itunes.apple.com/sg/reviews/id195858244","M@'(","6.6.16","2","Multiple empty updates to add ‚ÄúFaceID‚Äù which has been working since day 1?

Badly optimised for iPhone 6 and above, font size and interface overly large. Designed for an aging population or what?

Still not optimised for iPhone X screen after 2 months despite multiple updates which change nothing.

To and From fields should be swapped in funds transfer. No other bank does it this way around.",2017-12-16 05:51:51
"iPhone X resolution please.","https://itunes.apple.com/sg/reviews/id478121351","JustGivingReviews","6.6.16","3","Please update the app so it‚Äôs full screen on iPhone X and thanks for Face ID! Though it worked just fine haha

So many updates but doesn‚Äôt cater to the X resolution",2017-12-16 05:06:25
"Lousy apps that keep detecting me iPhone as jailbroken but it's not","https://itunes.apple.com/sg/reviews/id153632739","Reviewermap","6.6.15","1","The app keep saying it detect my iPhone is jailbroken and prevented me from using but the phone was not jailbroken at all. Now I can't even use it at all. Stupid",2017-12-16 02:35:16
"Lack of iPhone X support","https://itunes.apple.com/sg/reviews/id299308153","Fellowes1","6.6.15","1","The user interface still still not optimised for iPhone X, come on, even DBS and OCBC updated their app to fully support iPhone X display resolution in full screen.",2017-12-13 09:32:58
